{
  "ABIRoot": {
    "kind": "Root",
    "name": "TopLevel",
    "printedName": "TopLevel",
    "children": [
      {
        "kind": "Import",
        "name": "Foundation",
        "printedName": "Foundation",
        "declKind": "Import",
        "moduleName": "NextGearSDK"
      },
      {
        "kind": "TypeDecl",
        "name": "AuthenticationService",
        "printedName": "AuthenticationService",
        "children": [
          {
            "kind": "Function",
            "name": "logIn",
            "printedName": "logIn(_:_:)",
            "children": [
              {
                "kind": "TypeNominal",
                "name": "String",
                "printedName": "Swift.String",
                "usr": "s:SS"
              },
              {
                "kind": "TypeNominal",
                "name": "String",
                "printedName": "Swift.String",
                "usr": "s:SS"
              },
              {
                "kind": "TypeNominal",
                "name": "String",
                "printedName": "Swift.String",
                "usr": "s:SS"
              }
            ],
            "declKind": "Func",
            "usr": "s:11NextGearSDK21AuthenticationServiceP5logInyS2S_SStF",
            "mangledName": "$s11NextGearSDK21AuthenticationServiceP5logInyS2S_SStF",
            "moduleName": "NextGearSDK",
            "genericSig": "<τ_0_0 where τ_0_0 : NextGearSDK.AuthenticationService>",
            "sugared_genericSig": "<Self where Self : NextGearSDK.AuthenticationService>",
            "protocolReq": true,
            "reqNewWitnessTableEntry": true,
            "funcSelfKind": "NonMutating"
          }
        ],
        "declKind": "Protocol",
        "usr": "s:11NextGearSDK21AuthenticationServiceP",
        "mangledName": "$s11NextGearSDK21AuthenticationServiceP",
        "moduleName": "NextGearSDK",
        "declAttributes": [
          "AccessControl"
        ]
      },
      {
        "kind": "Import",
        "name": "Foundation",
        "printedName": "Foundation",
        "declKind": "Import",
        "moduleName": "NextGearSDK"
      }
    ],
    "json_format_version": 8
  },
  "ConstValues": []
}